"You request is accepted for review!","You request is accepted for review!"
"Your request can't be sent. Please, contact us if you see this message.","Your request can't be sent. Please, contact us if you see this message."
"Loyalty program","Loyalty program"
"Request Loyalty program","Request Loyalty program"
"Loyalty program for Regular Customers","Loyalty program for Regular Customers"
Firstname,Firstname
Email,Email
"Send request","Send request"
"Requested product:","Requested product:"
"Posting your request...","Posting your request..."
Error,Error
